<?xml version="1.0" encoding="UTF-8"?>
<export version="E">
  <design>
    <source>/home/taylor/pcb/rp2040-motor-controller/debugger/RP2040_debugger.kicad_sch</source>
    <date>Fri 06 Jan 2023 08:52:57 PM PST</date>
    <tool>Eeschema 6.0.2+dfsg-1</tool>
    <sheet number="1" name="/" tstamps="/">
      <title_block>
        <title>RP2040 Motor Controller</title>
        <company>Twisted Fields LLC</company>
        <rev>REV1</rev>
        <date>2022-6-1</date>
        <source>RP2040_debugger.kicad_sch</source>
        <comment number="1" value="(license roughly means, share, modify, etc, but do not sue us)"/>
        <comment number="2" value="LICENSE: CERN-OHL-P"/>
        <comment number="3" value=""/>
        <comment number="4" value=""/>
        <comment number="5" value=""/>
        <comment number="6" value=""/>
        <comment number="7" value=""/>
        <comment number="8" value=""/>
        <comment number="9" value=""/>
      </title_block>
    </sheet>
  </design>
  <components>
    <comp ref="C1">
      <value>100n</value>
      <footprint>Capacitor_SMD:C_0603_1608Metric</footprint>
      <fields>
        <field name="LCSC">C14663</field>
      </fields>
      <libsource lib="Device" part="C" description="Unpolarized capacitor"/>
      <property name="LCSC" value="C14663"/>
      <property name="Sheetname" value=""/>
      <property name="Sheetfile" value="RP2040_debugger.kicad_sch"/>
      <sheetpath names="/" tstamps="/"/>
      <tstamps>59cee1ba-e1a9-48a0-9c02-9b24e0b41d6e</tstamps>
    </comp>
    <comp ref="C2">
      <value>10u</value>
      <footprint>Capacitor_SMD:C_0805_2012Metric</footprint>
      <fields>
        <field name="LCSC">C15850</field>
      </fields>
      <libsource lib="Device" part="C" description="Unpolarized capacitor"/>
      <property name="LCSC" value="C15850"/>
      <property name="Sheetname" value=""/>
      <property name="Sheetfile" value="RP2040_debugger.kicad_sch"/>
      <sheetpath names="/" tstamps="/"/>
      <tstamps>e6375b9b-76b8-4a76-9f6a-4585396cd950</tstamps>
    </comp>
    <comp ref="C3">
      <value>10u</value>
      <footprint>Capacitor_SMD:C_0805_2012Metric</footprint>
      <fields>
        <field name="LCSC">C15850</field>
      </fields>
      <libsource lib="Device" part="C" description="Unpolarized capacitor"/>
      <property name="LCSC" value="C15850"/>
      <property name="Sheetname" value=""/>
      <property name="Sheetfile" value="RP2040_debugger.kicad_sch"/>
      <sheetpath names="/" tstamps="/"/>
      <tstamps>94d5a56e-d5c3-405b-9e97-a6ceb39f4593</tstamps>
    </comp>
    <comp ref="C4">
      <value>10u</value>
      <footprint>Capacitor_SMD:C_0805_2012Metric</footprint>
      <fields>
        <field name="LCSC">C15850</field>
      </fields>
      <libsource lib="Device" part="C" description="Unpolarized capacitor"/>
      <property name="LCSC" value="C15850"/>
      <property name="Sheetname" value=""/>
      <property name="Sheetfile" value="RP2040_debugger.kicad_sch"/>
      <sheetpath names="/" tstamps="/"/>
      <tstamps>0d51a503-486c-42a7-853a-341f524cd342</tstamps>
    </comp>
    <comp ref="C5">
      <value>20p</value>
      <footprint>Capacitor_SMD:C_0603_1608Metric</footprint>
      <fields>
        <field name="LCSC">C1648</field>
      </fields>
      <libsource lib="Device" part="C" description="Unpolarized capacitor"/>
      <property name="LCSC" value="C1648"/>
      <property name="Sheetname" value=""/>
      <property name="Sheetfile" value="RP2040_debugger.kicad_sch"/>
      <sheetpath names="/" tstamps="/"/>
      <tstamps>e1fbe15c-be11-4601-8d92-ac8311174e28</tstamps>
    </comp>
    <comp ref="C6">
      <value>20p</value>
      <footprint>Capacitor_SMD:C_0603_1608Metric</footprint>
      <fields>
        <field name="LCSC">C1648</field>
      </fields>
      <libsource lib="Device" part="C" description="Unpolarized capacitor"/>
      <property name="LCSC" value="C1648"/>
      <property name="Sheetname" value=""/>
      <property name="Sheetfile" value="RP2040_debugger.kicad_sch"/>
      <sheetpath names="/" tstamps="/"/>
      <tstamps>96c23701-b34e-46b0-8ce4-c57ef7917461</tstamps>
    </comp>
    <comp ref="C7">
      <value>10u</value>
      <footprint>Capacitor_SMD:C_0805_2012Metric</footprint>
      <fields>
        <field name="LCSC">C15850</field>
      </fields>
      <libsource lib="Device" part="C" description="Unpolarized capacitor"/>
      <property name="LCSC" value="C15850"/>
      <property name="Sheetname" value=""/>
      <property name="Sheetfile" value="RP2040_debugger.kicad_sch"/>
      <sheetpath names="/" tstamps="/"/>
      <tstamps>6c88743a-a3cc-4156-95ea-30e4db2bfef7</tstamps>
    </comp>
    <comp ref="C8">
      <value>100n</value>
      <footprint>Capacitor_SMD:C_0603_1608Metric</footprint>
      <fields>
        <field name="LCSC">C14663</field>
      </fields>
      <libsource lib="Device" part="C" description="Unpolarized capacitor"/>
      <property name="LCSC" value="C14663"/>
      <property name="Sheetname" value=""/>
      <property name="Sheetfile" value="RP2040_debugger.kicad_sch"/>
      <sheetpath names="/" tstamps="/"/>
      <tstamps>8803fe0d-5ed2-4945-8034-9789be94eaed</tstamps>
    </comp>
    <comp ref="C9">
      <value>100n</value>
      <footprint>Capacitor_SMD:C_0603_1608Metric</footprint>
      <fields>
        <field name="LCSC">C14663</field>
      </fields>
      <libsource lib="Device" part="C" description="Unpolarized capacitor"/>
      <property name="LCSC" value="C14663"/>
      <property name="Sheetname" value=""/>
      <property name="Sheetfile" value="RP2040_debugger.kicad_sch"/>
      <sheetpath names="/" tstamps="/"/>
      <tstamps>33eeeec8-2f37-4942-8f86-1f3779377615</tstamps>
    </comp>
    <comp ref="C10">
      <value>1u</value>
      <footprint>Capacitor_SMD:C_0603_1608Metric</footprint>
      <fields>
        <field name="LCSC">C15849</field>
      </fields>
      <libsource lib="Device" part="C" description="Unpolarized capacitor"/>
      <property name="LCSC" value="C15849"/>
      <property name="Sheetname" value=""/>
      <property name="Sheetfile" value="RP2040_debugger.kicad_sch"/>
      <sheetpath names="/" tstamps="/"/>
      <tstamps>d4058c51-442d-469b-a87e-1cdcfb6b7592</tstamps>
    </comp>
    <comp ref="C11">
      <value>100n</value>
      <footprint>Capacitor_SMD:C_0603_1608Metric</footprint>
      <fields>
        <field name="LCSC">C14663</field>
      </fields>
      <libsource lib="Device" part="C" description="Unpolarized capacitor"/>
      <property name="LCSC" value="C14663"/>
      <property name="Sheetname" value=""/>
      <property name="Sheetfile" value="RP2040_debugger.kicad_sch"/>
      <sheetpath names="/" tstamps="/"/>
      <tstamps>9e771bd9-9c8b-46b0-9580-873394bdd0fa</tstamps>
    </comp>
    <comp ref="C12">
      <value>1u</value>
      <footprint>Capacitor_SMD:C_0603_1608Metric</footprint>
      <fields>
        <field name="LCSC">C15849</field>
      </fields>
      <libsource lib="Device" part="C" description="Unpolarized capacitor"/>
      <property name="LCSC" value="C15849"/>
      <property name="Sheetname" value=""/>
      <property name="Sheetfile" value="RP2040_debugger.kicad_sch"/>
      <sheetpath names="/" tstamps="/"/>
      <tstamps>2eae8403-b9e5-4471-84b9-b00525476890</tstamps>
    </comp>
    <comp ref="C13">
      <value>100n</value>
      <footprint>Capacitor_SMD:C_0603_1608Metric</footprint>
      <fields>
        <field name="LCSC">C14663</field>
      </fields>
      <libsource lib="Device" part="C" description="Unpolarized capacitor"/>
      <property name="LCSC" value="C14663"/>
      <property name="Sheetname" value=""/>
      <property name="Sheetfile" value="RP2040_debugger.kicad_sch"/>
      <sheetpath names="/" tstamps="/"/>
      <tstamps>8ab1e75e-27d2-4170-b903-8c15dedd819a</tstamps>
    </comp>
    <comp ref="C14">
      <value>100n</value>
      <footprint>Capacitor_SMD:C_0603_1608Metric</footprint>
      <fields>
        <field name="LCSC">C14663</field>
      </fields>
      <libsource lib="Device" part="C" description="Unpolarized capacitor"/>
      <property name="LCSC" value="C14663"/>
      <property name="Sheetname" value=""/>
      <property name="Sheetfile" value="RP2040_debugger.kicad_sch"/>
      <sheetpath names="/" tstamps="/"/>
      <tstamps>633f73ea-005c-4cd5-bd40-590dfbfb70ee</tstamps>
    </comp>
    <comp ref="C15">
      <value>100n</value>
      <footprint>Capacitor_SMD:C_0603_1608Metric</footprint>
      <fields>
        <field name="LCSC">C14663</field>
      </fields>
      <libsource lib="Device" part="C" description="Unpolarized capacitor"/>
      <property name="LCSC" value="C14663"/>
      <property name="Sheetname" value=""/>
      <property name="Sheetfile" value="RP2040_debugger.kicad_sch"/>
      <sheetpath names="/" tstamps="/"/>
      <tstamps>37445b0e-cfd6-4d41-a566-d8899736957c</tstamps>
    </comp>
    <comp ref="C16">
      <value>100n</value>
      <footprint>Capacitor_SMD:C_0603_1608Metric</footprint>
      <fields>
        <field name="LCSC">C14663</field>
      </fields>
      <libsource lib="Device" part="C" description="Unpolarized capacitor"/>
      <property name="LCSC" value="C14663"/>
      <property name="Sheetname" value=""/>
      <property name="Sheetfile" value="RP2040_debugger.kicad_sch"/>
      <sheetpath names="/" tstamps="/"/>
      <tstamps>8af193f8-2cfb-4efc-b4e8-a31183c8b4c2</tstamps>
    </comp>
    <comp ref="C17">
      <value>100n</value>
      <footprint>Capacitor_SMD:C_0603_1608Metric</footprint>
      <fields>
        <field name="LCSC">C14663</field>
      </fields>
      <libsource lib="Device" part="C" description="Unpolarized capacitor"/>
      <property name="LCSC" value="C14663"/>
      <property name="Sheetname" value=""/>
      <property name="Sheetfile" value="RP2040_debugger.kicad_sch"/>
      <sheetpath names="/" tstamps="/"/>
      <tstamps>16f8520f-9226-4bc8-80af-813fb1130740</tstamps>
    </comp>
    <comp ref="C18">
      <value>100n</value>
      <footprint>Capacitor_SMD:C_0603_1608Metric</footprint>
      <fields>
        <field name="LCSC">C14663</field>
      </fields>
      <libsource lib="Device" part="C" description="Unpolarized capacitor"/>
      <property name="LCSC" value="C14663"/>
      <property name="Sheetname" value=""/>
      <property name="Sheetfile" value="RP2040_debugger.kicad_sch"/>
      <sheetpath names="/" tstamps="/"/>
      <tstamps>06b3cea5-08bd-493b-aaff-54ab044f5c7d</tstamps>
    </comp>
    <comp ref="D1">
      <value>WS2812B</value>
      <footprint>RP2040_minimal:LED_WS2812_3528_3.5x2.8mm_P1.5mm</footprint>
      <datasheet>https://cdn-shop.adafruit.com/product-files/2686/SK6812MINI_REV.01-1-2.pdf</datasheet>
      <fields>
        <field name="LCSC">C2890364</field>
      </fields>
      <libsource lib="MotorBuck" part="WS2812B" description="RGB LED with integrated controller"/>
      <property name="LCSC" value="C2890364"/>
      <property name="Sheetname" value=""/>
      <property name="Sheetfile" value="RP2040_debugger.kicad_sch"/>
      <sheetpath names="/" tstamps="/"/>
      <tstamps>a016fee8-ebed-49ca-836f-1c27a6f3391d</tstamps>
    </comp>
    <comp ref="D2">
      <value>WS2812B</value>
      <footprint>RP2040_minimal:LED_WS2812_3528_3.5x2.8mm_P1.5mm</footprint>
      <datasheet>https://cdn-shop.adafruit.com/product-files/2686/SK6812MINI_REV.01-1-2.pdf</datasheet>
      <fields>
        <field name="LCSC">C2890364</field>
      </fields>
      <libsource lib="MotorBuck" part="WS2812B" description="RGB LED with integrated controller"/>
      <property name="LCSC" value="C2890364"/>
      <property name="Sheetname" value=""/>
      <property name="Sheetfile" value="RP2040_debugger.kicad_sch"/>
      <sheetpath names="/" tstamps="/"/>
      <tstamps>b4807e57-ed5d-43f9-b943-91e4c9c13738</tstamps>
    </comp>
    <comp ref="D3">
      <value>WS2812B</value>
      <footprint>RP2040_minimal:LED_WS2812_3528_3.5x2.8mm_P1.5mm</footprint>
      <datasheet>https://cdn-shop.adafruit.com/product-files/2686/SK6812MINI_REV.01-1-2.pdf</datasheet>
      <fields>
        <field name="LCSC">C2890364</field>
      </fields>
      <libsource lib="MotorBuck" part="WS2812B" description="RGB LED with integrated controller"/>
      <property name="LCSC" value="C2890364"/>
      <property name="Sheetname" value=""/>
      <property name="Sheetfile" value="RP2040_debugger.kicad_sch"/>
      <sheetpath names="/" tstamps="/"/>
      <tstamps>3d1301e8-7f63-4789-ad42-7e89039b0732</tstamps>
    </comp>
    <comp ref="J1">
      <value>USB_C_Receptacle_USB2.0</value>
      <footprint>Connector_USB:USB_C_Receptacle_XKB_U262-16XN-4BVC11</footprint>
      <datasheet>https://www.usb.org/sites/default/files/documents/usb_type-c.zip</datasheet>
      <fields>
        <field name="LCSC">C2835315</field>
      </fields>
      <libsource lib="Connector" part="USB_C_Receptacle_USB2.0" description="USB 2.0-only Type-C Receptacle connector"/>
      <property name="LCSC" value="C2835315"/>
      <property name="Sheetname" value=""/>
      <property name="Sheetfile" value="RP2040_debugger.kicad_sch"/>
      <sheetpath names="/" tstamps="/"/>
      <tstamps>0e464f0a-2756-42b5-aa39-9f4eb001a8fd</tstamps>
    </comp>
    <comp ref="J2">
      <value>Conn_01x06</value>
      <footprint>Connector_Molex:Molex_KK-254_AE-6410-06A_1x06_P2.54mm_Vertical</footprint>
      <fields>
        <field name="LCSC">C140771</field>
      </fields>
      <libsource lib="Connector_Generic" part="Conn_01x06" description="Generic connector, single row, 01x06, script generated (kicad-library-utils/schlib/autogen/connector/)"/>
      <property name="LCSC" value="C140771"/>
      <property name="Sheetname" value=""/>
      <property name="Sheetfile" value="RP2040_debugger.kicad_sch"/>
      <sheetpath names="/" tstamps="/"/>
      <tstamps>e9551bc2-3754-43df-b4b0-cc28fbc84077</tstamps>
    </comp>
    <comp ref="J3">
      <value>Conn_01x06</value>
      <footprint>Connector_Molex:Molex_KK-254_AE-6410-06A_1x06_P2.54mm_Vertical</footprint>
      <fields>
        <field name="LCSC">C140771</field>
      </fields>
      <libsource lib="Connector_Generic" part="Conn_01x06" description="Generic connector, single row, 01x06, script generated (kicad-library-utils/schlib/autogen/connector/)"/>
      <property name="LCSC" value="C140771"/>
      <property name="Sheetname" value=""/>
      <property name="Sheetfile" value="RP2040_debugger.kicad_sch"/>
      <sheetpath names="/" tstamps="/"/>
      <tstamps>36db4373-419b-42bc-8f76-6ce2a39d0223</tstamps>
    </comp>
    <comp ref="R1">
      <value>1.1k</value>
      <footprint>Resistor_SMD:R_0603_1608Metric</footprint>
      <fields>
        <field name="LCSC">C22764</field>
      </fields>
      <libsource lib="Device" part="R" description="Resistor"/>
      <property name="LCSC" value="C22764"/>
      <property name="Sheetname" value=""/>
      <property name="Sheetfile" value="RP2040_debugger.kicad_sch"/>
      <sheetpath names="/" tstamps="/"/>
      <tstamps>18463d7f-3dc7-4028-a9e9-84f4c134e1ab</tstamps>
    </comp>
    <comp ref="R2">
      <value>DNS</value>
      <footprint>Resistor_SMD:R_0402_1005Metric</footprint>
      <libsource lib="Device" part="R" description="Resistor"/>
      <property name="Sheetname" value=""/>
      <property name="Sheetfile" value="RP2040_debugger.kicad_sch"/>
      <sheetpath names="/" tstamps="/"/>
      <tstamps>22bd2c81-adce-4b38-a8b7-a3be9a11d7a4</tstamps>
    </comp>
    <comp ref="R3">
      <value>5.1k</value>
      <footprint>Resistor_SMD:R_0603_1608Metric</footprint>
      <fields>
        <field name="LCSC">C23186</field>
      </fields>
      <libsource lib="Device" part="R" description="Resistor"/>
      <property name="LCSC" value="C23186"/>
      <property name="Sheetname" value=""/>
      <property name="Sheetfile" value="RP2040_debugger.kicad_sch"/>
      <sheetpath names="/" tstamps="/"/>
      <tstamps>9b510730-efa6-408e-bf60-a3b4fd5a356d</tstamps>
    </comp>
    <comp ref="R4">
      <value>5.1k</value>
      <footprint>Resistor_SMD:R_0603_1608Metric</footprint>
      <fields>
        <field name="LCSC">C23186</field>
      </fields>
      <libsource lib="Device" part="R" description="Resistor"/>
      <property name="LCSC" value="C23186"/>
      <property name="Sheetname" value=""/>
      <property name="Sheetfile" value="RP2040_debugger.kicad_sch"/>
      <sheetpath names="/" tstamps="/"/>
      <tstamps>98b510c2-b6cf-46f2-a05d-b91ac244cb90</tstamps>
    </comp>
    <comp ref="R5">
      <value>1.1k</value>
      <footprint>Resistor_SMD:R_0603_1608Metric</footprint>
      <fields>
        <field name="LCSC">C22764</field>
      </fields>
      <libsource lib="Device" part="R" description="Resistor"/>
      <property name="LCSC" value="C22764"/>
      <property name="Sheetname" value=""/>
      <property name="Sheetfile" value="RP2040_debugger.kicad_sch"/>
      <sheetpath names="/" tstamps="/"/>
      <tstamps>f4031803-0feb-4f80-bc15-b57a17f3145e</tstamps>
    </comp>
    <comp ref="R6">
      <value>27</value>
      <footprint>Resistor_SMD:R_0603_1608Metric</footprint>
      <fields>
        <field name="LCSC">C25190</field>
      </fields>
      <libsource lib="Device" part="R" description="Resistor"/>
      <property name="LCSC" value="C25190"/>
      <property name="Sheetname" value=""/>
      <property name="Sheetfile" value="RP2040_debugger.kicad_sch"/>
      <sheetpath names="/" tstamps="/"/>
      <tstamps>2d4151e4-5d88-4e92-ae4d-ae8f6f2af2b5</tstamps>
    </comp>
    <comp ref="R7">
      <value>27</value>
      <footprint>Resistor_SMD:R_0603_1608Metric</footprint>
      <fields>
        <field name="LCSC">C25190</field>
      </fields>
      <libsource lib="Device" part="R" description="Resistor"/>
      <property name="LCSC" value="C25190"/>
      <property name="Sheetname" value=""/>
      <property name="Sheetfile" value="RP2040_debugger.kicad_sch"/>
      <sheetpath names="/" tstamps="/"/>
      <tstamps>dba2e14c-a228-49ad-ae80-0f28cd1bfcd2</tstamps>
    </comp>
    <comp ref="SW1">
      <value>SW_MEC_5G</value>
      <footprint>parts:SW_TS_1101_C_W</footprint>
      <fields>
        <field name="LCSC">C318938</field>
      </fields>
      <libsource lib="Switch" part="SW_Push" description="Push button switch, generic, two pins"/>
      <property name="LCSC" value="C318938"/>
      <property name="Sheetname" value=""/>
      <property name="Sheetfile" value="RP2040_debugger.kicad_sch"/>
      <sheetpath names="/" tstamps="/"/>
      <tstamps>876a5f64-3b98-4c1e-a90c-659fb3af0c2d</tstamps>
    </comp>
    <comp ref="TP1">
      <value>TestPoint</value>
      <footprint>TestPoint:TestPoint_Keystone_5019_Minature</footprint>
      <fields>
        <field name="LCSC">C238130</field>
      </fields>
      <libsource lib="Connector" part="TestPoint" description="test point"/>
      <property name="LCSC" value="C238130"/>
      <property name="Sheetname" value=""/>
      <property name="Sheetfile" value="RP2040_debugger.kicad_sch"/>
      <sheetpath names="/" tstamps="/"/>
      <tstamps>99c27a8b-d6fd-4788-90ba-bf07c0269c66</tstamps>
    </comp>
    <comp ref="U1">
      <value>W25Q16JVSSIQ</value>
      <footprint>Package_SO:SOIC-8_5.23x5.23mm_P1.27mm</footprint>
      <datasheet>http://www.winbond.com/resource-files/w25q128jv_dtr%20revc%2003272018%20plus.pdf</datasheet>
      <fields>
        <field name="LCSC">C82317</field>
      </fields>
      <libsource lib="Memory_Flash" part="W25Q128JVS" description="128Mb Serial Flash Memory, Standard/Dual/Quad SPI, SOIC-8"/>
      <property name="LCSC" value="C82317"/>
      <property name="Sheetname" value=""/>
      <property name="Sheetfile" value="RP2040_debugger.kicad_sch"/>
      <sheetpath names="/" tstamps="/"/>
      <tstamps>24a026b0-25b7-4804-8e60-d3054b977236</tstamps>
    </comp>
    <comp ref="U2">
      <value>LD1086DT33TR</value>
      <footprint>Package_TO_SOT_SMD:TO-252-2</footprint>
      <datasheet>https://www.st.com/resource/en/datasheet/ld1086.pdf</datasheet>
      <fields>
        <field name="LCSC">C12051</field>
      </fields>
      <libsource lib="Regulator_Linear" part="LD1086DT33TR" description="Positive, 1.5A 30V, Linear Regulator, Fixed Output 3.3V, TO-252"/>
      <property name="LCSC" value="C12051"/>
      <property name="Sheetname" value=""/>
      <property name="Sheetfile" value="RP2040_debugger.kicad_sch"/>
      <sheetpath names="/" tstamps="/"/>
      <tstamps>3ca11fe3-f3b8-4fc7-ac53-fee1b68487f6</tstamps>
    </comp>
    <comp ref="U3">
      <value>RP2040</value>
      <footprint>RP2040_minimal:RP2040-QFN-56</footprint>
      <fields>
        <field name="LCSC">C2040</field>
      </fields>
      <libsource lib="MCU_RaspberryPi_RP2040" part="RP2040" description=""/>
      <property name="LCSC" value="C2040"/>
      <property name="Sheetname" value=""/>
      <property name="Sheetfile" value="RP2040_debugger.kicad_sch"/>
      <sheetpath names="/" tstamps="/"/>
      <tstamps>eec9ef04-8c62-4e51-bbb0-a82c09307fca</tstamps>
    </comp>
    <comp ref="Y1">
      <value>Crystal_GND24</value>
      <footprint>Crystal:Crystal_SMD_3225-4Pin_3.2x2.5mm</footprint>
      <fields>
        <field name="LCSC">C9002</field>
      </fields>
      <libsource lib="Device" part="Crystal_GND24" description="Four pin crystal, GND on pins 2 and 4"/>
      <property name="LCSC" value="C9002"/>
      <property name="Sheetname" value=""/>
      <property name="Sheetfile" value="RP2040_debugger.kicad_sch"/>
      <sheetpath names="/" tstamps="/"/>
      <tstamps>f8c4c06f-759e-4b71-9361-8daaa8dc6f5b</tstamps>
    </comp>
  </components>
  <libparts>
    <libpart lib="Connector" part="TestPoint">
      <description>test point</description>
      <docs>~</docs>
      <footprints>
        <fp>Pin*</fp>
        <fp>Test*</fp>
      </footprints>
      <fields>
        <field name="Reference">TP</field>
        <field name="Value">TestPoint</field>
        <field name="Datasheet">~</field>
      </fields>
      <pins>
        <pin num="1" name="1" type="passive"/>
      </pins>
    </libpart>
    <libpart lib="Connector" part="USB_C_Receptacle_USB2.0">
      <description>USB 2.0-only Type-C Receptacle connector</description>
      <docs>https://www.usb.org/sites/default/files/documents/usb_type-c.zip</docs>
      <footprints>
        <fp>USB*C*Receptacle*</fp>
      </footprints>
      <fields>
        <field name="Reference">J</field>
        <field name="Value">USB_C_Receptacle_USB2.0</field>
        <field name="Datasheet">https://www.usb.org/sites/default/files/documents/usb_type-c.zip</field>
      </fields>
      <pins>
        <pin num="A1" name="GND" type="passive"/>
        <pin num="A4" name="VBUS" type="passive"/>
        <pin num="A5" name="CC1" type="bidirectional"/>
        <pin num="A6" name="D+" type="bidirectional"/>
        <pin num="A7" name="D-" type="bidirectional"/>
        <pin num="A8" name="SBU1" type="bidirectional"/>
        <pin num="A9" name="VBUS" type="passive"/>
        <pin num="A12" name="GND" type="passive"/>
        <pin num="B1" name="GND" type="passive"/>
        <pin num="B4" name="VBUS" type="passive"/>
        <pin num="B5" name="CC2" type="bidirectional"/>
        <pin num="B6" name="D+" type="bidirectional"/>
        <pin num="B7" name="D-" type="bidirectional"/>
        <pin num="B8" name="SBU2" type="bidirectional"/>
        <pin num="B9" name="VBUS" type="passive"/>
        <pin num="B12" name="GND" type="passive"/>
        <pin num="S1" name="SHIELD" type="passive"/>
      </pins>
    </libpart>
    <libpart lib="Connector_Generic" part="Conn_01x06">
      <description>Generic connector, single row, 01x06, script generated (kicad-library-utils/schlib/autogen/connector/)</description>
      <docs>~</docs>
      <footprints>
        <fp>Connector*:*_1x??_*</fp>
      </footprints>
      <fields>
        <field name="Reference">J</field>
        <field name="Value">Conn_01x06</field>
        <field name="Datasheet">~</field>
      </fields>
      <pins>
        <pin num="1" name="Pin_1" type="passive"/>
        <pin num="2" name="Pin_2" type="passive"/>
        <pin num="3" name="Pin_3" type="passive"/>
        <pin num="4" name="Pin_4" type="passive"/>
        <pin num="5" name="Pin_5" type="passive"/>
        <pin num="6" name="Pin_6" type="passive"/>
      </pins>
    </libpart>
    <libpart lib="Connector_Generic" part="Conn_01x10">
      <description>Generic connector, single row, 01x10, script generated (kicad-library-utils/schlib/autogen/connector/)</description>
      <docs>~</docs>
      <footprints>
        <fp>Connector*:*_1x??_*</fp>
      </footprints>
      <fields>
        <field name="Reference">J</field>
        <field name="Value">Conn_01x10</field>
        <field name="Datasheet">~</field>
      </fields>
      <pins>
        <pin num="1" name="Pin_1" type="passive"/>
        <pin num="2" name="Pin_2" type="passive"/>
        <pin num="3" name="Pin_3" type="passive"/>
        <pin num="4" name="Pin_4" type="passive"/>
        <pin num="5" name="Pin_5" type="passive"/>
        <pin num="6" name="Pin_6" type="passive"/>
        <pin num="7" name="Pin_7" type="passive"/>
        <pin num="8" name="Pin_8" type="passive"/>
        <pin num="9" name="Pin_9" type="passive"/>
        <pin num="10" name="Pin_10" type="passive"/>
      </pins>
    </libpart>
    <libpart lib="Device" part="C">
      <description>Unpolarized capacitor</description>
      <docs>~</docs>
      <footprints>
        <fp>C_*</fp>
      </footprints>
      <fields>
        <field name="Reference">C</field>
        <field name="Value">C</field>
        <field name="Datasheet">~</field>
      </fields>
      <pins>
        <pin num="1" name="" type="passive"/>
        <pin num="2" name="" type="passive"/>
      </pins>
    </libpart>
    <libpart lib="Device" part="Crystal_GND24">
      <description>Four pin crystal, GND on pins 2 and 4</description>
      <docs>~</docs>
      <footprints>
        <fp>Crystal*</fp>
      </footprints>
      <fields>
        <field name="Reference">Y</field>
        <field name="Value">Crystal_GND24</field>
        <field name="Datasheet">~</field>
      </fields>
      <pins>
        <pin num="1" name="1" type="passive"/>
        <pin num="2" name="2" type="passive"/>
        <pin num="3" name="3" type="passive"/>
        <pin num="4" name="4" type="passive"/>
      </pins>
    </libpart>
    <libpart lib="Device" part="R">
      <description>Resistor</description>
      <docs>~</docs>
      <footprints>
        <fp>R_*</fp>
      </footprints>
      <fields>
        <field name="Reference">R</field>
        <field name="Value">R</field>
        <field name="Datasheet">~</field>
      </fields>
      <pins>
        <pin num="1" name="" type="passive"/>
        <pin num="2" name="" type="passive"/>
      </pins>
    </libpart>
    <libpart lib="MCU_RaspberryPi_RP2040" part="RP2040">
      <fields>
        <field name="Reference">U</field>
        <field name="Value">RP2040</field>
        <field name="Footprint">RP2040_minimal:RP2040-QFN-56</field>
      </fields>
      <pins>
        <pin num="1" name="IOVDD" type="power_in"/>
        <pin num="2" name="GPIO0" type="bidirectional"/>
        <pin num="3" name="GPIO1" type="bidirectional"/>
        <pin num="4" name="GPIO2" type="bidirectional"/>
        <pin num="5" name="GPIO3" type="bidirectional"/>
        <pin num="6" name="GPIO4" type="bidirectional"/>
        <pin num="7" name="GPIO5" type="bidirectional"/>
        <pin num="8" name="GPIO6" type="bidirectional"/>
        <pin num="9" name="GPIO7" type="bidirectional"/>
        <pin num="10" name="IOVDD" type="power_in"/>
        <pin num="11" name="GPIO8" type="bidirectional"/>
        <pin num="12" name="GPIO9" type="bidirectional"/>
        <pin num="13" name="GPIO10" type="bidirectional"/>
        <pin num="14" name="GPIO11" type="bidirectional"/>
        <pin num="15" name="GPIO12" type="bidirectional"/>
        <pin num="16" name="GPIO13" type="bidirectional"/>
        <pin num="17" name="GPIO14" type="bidirectional"/>
        <pin num="18" name="GPIO15" type="bidirectional"/>
        <pin num="19" name="TESTEN" type="passive"/>
        <pin num="20" name="XIN" type="input"/>
        <pin num="21" name="XOUT" type="passive"/>
        <pin num="22" name="IOVDD" type="power_in"/>
        <pin num="23" name="DVDD" type="power_in"/>
        <pin num="24" name="SWCLK" type="output"/>
        <pin num="25" name="SWD" type="bidirectional"/>
        <pin num="26" name="RUN" type="input"/>
        <pin num="27" name="GPIO16" type="bidirectional"/>
        <pin num="28" name="GPIO17" type="bidirectional"/>
        <pin num="29" name="GPIO18" type="bidirectional"/>
        <pin num="30" name="GPIO19" type="bidirectional"/>
        <pin num="31" name="GPIO20" type="bidirectional"/>
        <pin num="32" name="GPIO21" type="bidirectional"/>
        <pin num="33" name="IOVDD" type="power_in"/>
        <pin num="34" name="GPIO22" type="bidirectional"/>
        <pin num="35" name="GPIO23" type="bidirectional"/>
        <pin num="36" name="GPIO24" type="bidirectional"/>
        <pin num="37" name="GPIO25" type="bidirectional"/>
        <pin num="38" name="GPIO26_ADC0" type="bidirectional"/>
        <pin num="39" name="GPIO27_ADC1" type="bidirectional"/>
        <pin num="40" name="GPIO28_ADC2" type="bidirectional"/>
        <pin num="41" name="GPIO29_ADC3" type="bidirectional"/>
        <pin num="42" name="IOVDD" type="power_in"/>
        <pin num="43" name="ADC_AVDD" type="power_in"/>
        <pin num="44" name="VREG_IN" type="power_in"/>
        <pin num="45" name="VREG_VOUT" type="power_out"/>
        <pin num="46" name="USB_DM" type="bidirectional"/>
        <pin num="47" name="USB_DP" type="bidirectional"/>
        <pin num="48" name="USB_VDD" type="power_in"/>
        <pin num="49" name="IOVDD" type="power_in"/>
        <pin num="50" name="DVDD" type="power_in"/>
        <pin num="51" name="QSPI_SD3" type="bidirectional"/>
        <pin num="52" name="QSPI_SCLK" type="output"/>
        <pin num="53" name="QSPI_SD0" type="bidirectional"/>
        <pin num="54" name="QSPI_SD2" type="bidirectional"/>
        <pin num="55" name="QSPI_SD1" type="bidirectional"/>
        <pin num="56" name="QSPI_SS" type="bidirectional"/>
        <pin num="57" name="GND" type="power_in"/>
      </pins>
    </libpart>
    <libpart lib="Mechanical" part="MountingHole">
      <description>Mounting Hole without connection</description>
      <docs>~</docs>
      <footprints>
        <fp>MountingHole*</fp>
      </footprints>
      <fields>
        <field name="Reference">H</field>
        <field name="Value">MountingHole</field>
        <field name="Datasheet">~</field>
      </fields>
    </libpart>
    <libpart lib="Memory_Flash" part="W25Q128JVS">
      <description>128Mb Serial Flash Memory, Standard/Dual/Quad SPI, SOIC-8</description>
      <docs>http://www.winbond.com/resource-files/w25q128jv_dtr%20revc%2003272018%20plus.pdf</docs>
      <footprints>
        <fp>SOIC*5.23x5.23mm*P1.27mm*</fp>
      </footprints>
      <fields>
        <field name="Reference">U</field>
        <field name="Value">W25Q128JVS</field>
        <field name="Footprint">Package_SO:SOIC-8_5.23x5.23mm_P1.27mm</field>
        <field name="Datasheet">http://www.winbond.com/resource-files/w25q128jv_dtr%20revc%2003272018%20plus.pdf</field>
      </fields>
      <pins>
        <pin num="1" name="~{CS}" type="input"/>
        <pin num="2" name="DO(IO1)" type="bidirectional"/>
        <pin num="3" name="IO2" type="bidirectional"/>
        <pin num="4" name="GND" type="power_in"/>
        <pin num="5" name="DI(IO0)" type="bidirectional"/>
        <pin num="6" name="CLK" type="input"/>
        <pin num="7" name="IO3" type="bidirectional"/>
        <pin num="8" name="VCC" type="power_in"/>
      </pins>
    </libpart>
    <libpart lib="MotorBuck" part="WS2812B">
      <description>RGB LED with integrated controller</description>
      <docs>https://cdn-shop.adafruit.com/product-files/2686/SK6812MINI_REV.01-1-2.pdf</docs>
      <footprints>
        <fp>LED*SK6812MINI*PLCC*3.5x3.5mm*P1.75mm*</fp>
      </footprints>
      <fields>
        <field name="Reference">D</field>
        <field name="Value">WS2812B</field>
        <field name="Footprint">LED_SMD:LED_SK6812MINI_PLCC4_3.5x3.5mm_P1.75mm</field>
        <field name="Datasheet">https://cdn-shop.adafruit.com/product-files/2686/SK6812MINI_REV.01-1-2.pdf</field>
      </fields>
      <pins>
        <pin num="1" name="GND" type="power_in"/>
        <pin num="2" name="DIN" type="input"/>
        <pin num="3" name="VDD" type="power_in"/>
        <pin num="4" name="DOUT" type="output"/>
      </pins>
    </libpart>
    <libpart lib="Regulator_Linear" part="LD1086DT33TR">
      <description>Positive, 1.5A 30V, Linear Regulator, Fixed Output 3.3V, TO-252</description>
      <docs>https://www.st.com/resource/en/datasheet/ld1086.pdf</docs>
      <footprints>
        <fp>TO?252?2*</fp>
      </footprints>
      <fields>
        <field name="Reference">U</field>
        <field name="Value">LD1086DT33TR</field>
        <field name="Footprint">Package_TO_SOT_SMD:TO-252-2</field>
        <field name="Datasheet">https://www.st.com/resource/en/datasheet/ld1086.pdf</field>
      </fields>
      <pins>
        <pin num="1" name="ADJ/GND" type="input"/>
        <pin num="2" name="OUT" type="power_out"/>
        <pin num="3" name="IN" type="power_in"/>
      </pins>
    </libpart>
    <libpart lib="Switch" part="SW_Push">
      <description>Push button switch, generic, two pins</description>
      <docs>~</docs>
      <fields>
        <field name="Reference">SW</field>
        <field name="Value">SW_Push</field>
        <field name="Datasheet">~</field>
      </fields>
      <pins>
        <pin num="1" name="1" type="passive"/>
        <pin num="2" name="2" type="passive"/>
      </pins>
    </libpart>
  </libparts>
  <libraries>
    <library logical="Connector">
      <uri>/usr/share/kicad/symbols//Connector.kicad_sym</uri>
    </library>
    <library logical="Connector_Generic">
      <uri>/usr/share/kicad/symbols//Connector_Generic.kicad_sym</uri>
    </library>
    <library logical="Device">
      <uri>/usr/share/kicad/symbols//Device.kicad_sym</uri>
    </library>
    <library logical="MCU_RaspberryPi_RP2040">
      <uri>/home/taylor/pcb/rp2040-motor-controller/debugger/MCU_RaspberryPi_RP2040.lib</uri>
    </library>
    <library logical="Mechanical">
      <uri>/usr/share/kicad/symbols//Mechanical.kicad_sym</uri>
    </library>
    <library logical="Memory_Flash">
      <uri>/usr/share/kicad/symbols//Memory_Flash.kicad_sym</uri>
    </library>
    <library logical="MotorBuck">
      <uri>/home/taylor/pcb/rp2040-motor-controller/debugger/MotorBuck.kicad_sym</uri>
    </library>
    <library logical="Regulator_Linear">
      <uri>/usr/share/kicad/symbols//Regulator_Linear.kicad_sym</uri>
    </library>
    <library logical="Switch">
      <uri>/usr/share/kicad/symbols//Switch.kicad_sym</uri>
    </library>
  </libraries>
  <nets>
    <net code="1" name="+1V1">
      <node ref="C10" pin="1" pintype="passive"/>
      <node ref="C8" pin="1" pintype="passive"/>
      <node ref="C9" pin="1" pintype="passive"/>
      <node ref="U3" pin="23" pinfunction="DVDD" pintype="power_in"/>
      <node ref="U3" pin="45" pinfunction="VREG_VOUT" pintype="power_out"/>
      <node ref="U3" pin="50" pinfunction="DVDD" pintype="power_in"/>
    </net>
    <net code="2" name="+3V3">
      <node ref="C1" pin="1" pintype="passive"/>
      <node ref="C11" pin="1" pintype="passive"/>
      <node ref="C12" pin="1" pintype="passive"/>
      <node ref="C13" pin="1" pintype="passive"/>
      <node ref="C14" pin="1" pintype="passive"/>
      <node ref="C15" pin="1" pintype="passive"/>
      <node ref="C16" pin="1" pintype="passive"/>
      <node ref="C17" pin="1" pintype="passive"/>
      <node ref="C18" pin="1" pintype="passive"/>
      <node ref="C3" pin="1" pintype="passive"/>
      <node ref="C4" pin="1" pintype="passive"/>
      <node ref="C7" pin="1" pintype="passive"/>
      <node ref="D1" pin="3" pinfunction="VDD" pintype="power_in"/>
      <node ref="D2" pin="3" pinfunction="VDD" pintype="power_in"/>
      <node ref="D3" pin="3" pinfunction="VDD" pintype="power_in"/>
      <node ref="J2" pin="3" pinfunction="Pin_3" pintype="passive"/>
      <node ref="J3" pin="3" pinfunction="Pin_3" pintype="passive"/>
      <node ref="R2" pin="1" pintype="passive"/>
      <node ref="U1" pin="8" pinfunction="VCC" pintype="power_in"/>
      <node ref="U2" pin="2" pinfunction="OUT" pintype="power_out"/>
      <node ref="U3" pin="1" pinfunction="IOVDD" pintype="power_in"/>
      <node ref="U3" pin="10" pinfunction="IOVDD" pintype="power_in"/>
      <node ref="U3" pin="22" pinfunction="IOVDD" pintype="power_in"/>
      <node ref="U3" pin="26" pinfunction="RUN" pintype="input"/>
      <node ref="U3" pin="33" pinfunction="IOVDD" pintype="power_in"/>
      <node ref="U3" pin="42" pinfunction="IOVDD" pintype="power_in"/>
      <node ref="U3" pin="43" pinfunction="ADC_AVDD" pintype="power_in"/>
      <node ref="U3" pin="44" pinfunction="VREG_IN" pintype="power_in"/>
      <node ref="U3" pin="48" pinfunction="USB_VDD" pintype="power_in"/>
      <node ref="U3" pin="49" pinfunction="IOVDD" pintype="power_in"/>
    </net>
    <net code="3" name="/GPIO9">
      <node ref="U3" pin="12" pinfunction="GPIO9" pintype="bidirectional"/>
    </net>
    <net code="4" name="/GPIO10">
      <node ref="U3" pin="13" pinfunction="GPIO10" pintype="bidirectional"/>
    </net>
    <net code="5" name="/GPIO11">
      <node ref="U3" pin="14" pinfunction="GPIO11" pintype="bidirectional"/>
    </net>
    <net code="6" name="/GPIO12">
      <node ref="U3" pin="15" pinfunction="GPIO12" pintype="bidirectional"/>
    </net>
    <net code="7" name="/GPIO13">
      <node ref="U3" pin="16" pinfunction="GPIO13" pintype="bidirectional"/>
    </net>
    <net code="8" name="/GPIO14">
      <node ref="U3" pin="17" pinfunction="GPIO14" pintype="bidirectional"/>
    </net>
    <net code="9" name="/GPIO15">
      <node ref="U3" pin="18" pinfunction="GPIO15" pintype="bidirectional"/>
    </net>
    <net code="10" name="/GPIO16">
      <node ref="U3" pin="27" pinfunction="GPIO16" pintype="bidirectional"/>
    </net>
    <net code="11" name="/GPIO17">
      <node ref="U3" pin="28" pinfunction="GPIO17" pintype="bidirectional"/>
    </net>
    <net code="12" name="/GPIO18">
      <node ref="U3" pin="29" pinfunction="GPIO18" pintype="bidirectional"/>
    </net>
    <net code="13" name="/GPIO19">
      <node ref="U3" pin="30" pinfunction="GPIO19" pintype="bidirectional"/>
    </net>
    <net code="14" name="/GPIO20">
      <node ref="U3" pin="31" pinfunction="GPIO20" pintype="bidirectional"/>
    </net>
    <net code="15" name="/GPIO21">
      <node ref="U3" pin="32" pinfunction="GPIO21" pintype="bidirectional"/>
    </net>
    <net code="16" name="/GPIO22">
      <node ref="U3" pin="34" pinfunction="GPIO22" pintype="bidirectional"/>
    </net>
    <net code="17" name="/GPIO23">
      <node ref="U3" pin="35" pinfunction="GPIO23" pintype="bidirectional"/>
    </net>
    <net code="18" name="/GPIO24">
      <node ref="U3" pin="36" pinfunction="GPIO24" pintype="bidirectional"/>
    </net>
    <net code="19" name="/GPIO25">
      <node ref="U3" pin="37" pinfunction="GPIO25" pintype="bidirectional"/>
    </net>
    <net code="20" name="/QSPI_SCLK">
      <node ref="U1" pin="6" pinfunction="CLK" pintype="input"/>
      <node ref="U3" pin="52" pinfunction="QSPI_SCLK" pintype="output"/>
    </net>
    <net code="21" name="/QSPI_SD0">
      <node ref="U1" pin="5" pinfunction="DI(IO0)" pintype="bidirectional"/>
      <node ref="U3" pin="53" pinfunction="QSPI_SD0" pintype="bidirectional"/>
    </net>
    <net code="22" name="/QSPI_SD1">
      <node ref="U1" pin="2" pinfunction="DO(IO1)" pintype="bidirectional"/>
      <node ref="U3" pin="55" pinfunction="QSPI_SD1" pintype="bidirectional"/>
    </net>
    <net code="23" name="/QSPI_SD2">
      <node ref="U1" pin="3" pinfunction="IO2" pintype="bidirectional"/>
      <node ref="U3" pin="54" pinfunction="QSPI_SD2" pintype="bidirectional"/>
    </net>
    <net code="24" name="/QSPI_SD3">
      <node ref="U1" pin="7" pinfunction="IO3" pintype="bidirectional"/>
      <node ref="U3" pin="51" pinfunction="QSPI_SD3" pintype="bidirectional"/>
    </net>
    <net code="25" name="/QSPI_SS">
      <node ref="R1" pin="1" pintype="passive"/>
      <node ref="R2" pin="2" pintype="passive"/>
      <node ref="U1" pin="1" pinfunction="~{CS}" pintype="input"/>
      <node ref="U3" pin="56" pinfunction="QSPI_SS" pintype="bidirectional"/>
    </net>
    <net code="26" name="/USB_D+">
      <node ref="J1" pin="A6" pinfunction="D+" pintype="bidirectional"/>
      <node ref="J1" pin="B6" pinfunction="D+" pintype="bidirectional"/>
      <node ref="R6" pin="1" pintype="passive"/>
    </net>
    <net code="27" name="/USB_D-">
      <node ref="J1" pin="A7" pinfunction="D-" pintype="bidirectional"/>
      <node ref="J1" pin="B7" pinfunction="D-" pintype="bidirectional"/>
      <node ref="R7" pin="1" pintype="passive"/>
    </net>
    <net code="28" name="/USB_DN">
      <node ref="R7" pin="2" pintype="passive"/>
      <node ref="U3" pin="46" pinfunction="USB_DM" pintype="bidirectional"/>
    </net>
    <net code="29" name="/USB_DP">
      <node ref="R6" pin="2" pintype="passive"/>
      <node ref="U3" pin="47" pinfunction="USB_DP" pintype="bidirectional"/>
    </net>
    <net code="30" name="/XIN">
      <node ref="C5" pin="1" pintype="passive"/>
      <node ref="U3" pin="20" pinfunction="XIN" pintype="input"/>
      <node ref="Y1" pin="3" pinfunction="3" pintype="passive"/>
    </net>
    <net code="31" name="/XOUT">
      <node ref="R5" pin="1" pintype="passive"/>
      <node ref="U3" pin="21" pinfunction="XOUT" pintype="passive"/>
    </net>
    <net code="32" name="/~{USB_BOOT}">
      <node ref="R1" pin="2" pintype="passive"/>
      <node ref="SW1" pin="2" pinfunction="2" pintype="passive"/>
    </net>
    <net code="33" name="A1">
      <node ref="U3" pin="38" pinfunction="GPIO26_ADC0" pintype="bidirectional"/>
    </net>
    <net code="34" name="A2">
      <node ref="U3" pin="39" pinfunction="GPIO27_ADC1" pintype="bidirectional"/>
    </net>
    <net code="35" name="A3">
      <node ref="U3" pin="40" pinfunction="GPIO28_ADC2" pintype="bidirectional"/>
    </net>
    <net code="36" name="A4">
      <node ref="U3" pin="41" pinfunction="GPIO29_ADC3" pintype="bidirectional"/>
    </net>
    <net code="37" name="GND">
      <node ref="C1" pin="2" pintype="passive"/>
      <node ref="C10" pin="2" pintype="passive"/>
      <node ref="C11" pin="2" pintype="passive"/>
      <node ref="C12" pin="2" pintype="passive"/>
      <node ref="C13" pin="2" pintype="passive"/>
      <node ref="C14" pin="2" pintype="passive"/>
      <node ref="C15" pin="2" pintype="passive"/>
      <node ref="C16" pin="2" pintype="passive"/>
      <node ref="C17" pin="2" pintype="passive"/>
      <node ref="C18" pin="2" pintype="passive"/>
      <node ref="C2" pin="2" pintype="passive"/>
      <node ref="C3" pin="2" pintype="passive"/>
      <node ref="C4" pin="2" pintype="passive"/>
      <node ref="C5" pin="2" pintype="passive"/>
      <node ref="C6" pin="2" pintype="passive"/>
      <node ref="C7" pin="2" pintype="passive"/>
      <node ref="C8" pin="2" pintype="passive"/>
      <node ref="C9" pin="2" pintype="passive"/>
      <node ref="D1" pin="1" pinfunction="GND" pintype="power_in"/>
      <node ref="D2" pin="1" pinfunction="GND" pintype="power_in"/>
      <node ref="D3" pin="1" pinfunction="GND" pintype="power_in"/>
      <node ref="J1" pin="A1" pinfunction="GND" pintype="passive"/>
      <node ref="J1" pin="A12" pinfunction="GND" pintype="passive"/>
      <node ref="J1" pin="B1" pinfunction="GND" pintype="passive"/>
      <node ref="J1" pin="B12" pinfunction="GND" pintype="passive"/>
      <node ref="J1" pin="S1" pinfunction="SHIELD" pintype="passive"/>
      <node ref="J2" pin="6" pinfunction="Pin_6" pintype="passive"/>
      <node ref="J3" pin="6" pinfunction="Pin_6" pintype="passive"/>
      <node ref="R3" pin="1" pintype="passive"/>
      <node ref="R4" pin="2" pintype="passive"/>
      <node ref="SW1" pin="1" pinfunction="1" pintype="passive"/>
      <node ref="TP1" pin="1" pinfunction="1" pintype="passive"/>
      <node ref="U1" pin="4" pinfunction="GND" pintype="power_in"/>
      <node ref="U2" pin="1" pinfunction="ADJ/GND" pintype="input"/>
      <node ref="U3" pin="19" pinfunction="TESTEN" pintype="passive"/>
      <node ref="U3" pin="57" pinfunction="GND" pintype="power_in"/>
      <node ref="Y1" pin="2" pinfunction="2" pintype="passive"/>
      <node ref="Y1" pin="4" pinfunction="4" pintype="passive"/>
    </net>
    <net code="38" name="LED">
      <node ref="D1" pin="2" pinfunction="DIN" pintype="input"/>
      <node ref="U3" pin="11" pinfunction="GPIO8" pintype="bidirectional"/>
    </net>
    <net code="39" name="Net-(C6-Pad1)">
      <node ref="C6" pin="1" pintype="passive"/>
      <node ref="R5" pin="2" pintype="passive"/>
      <node ref="Y1" pin="1" pinfunction="1" pintype="passive"/>
    </net>
    <net code="40" name="Net-(D1-Pad4)">
      <node ref="D1" pin="4" pinfunction="DOUT" pintype="output"/>
      <node ref="D2" pin="2" pinfunction="DIN" pintype="input"/>
    </net>
    <net code="41" name="Net-(D2-Pad4)">
      <node ref="D2" pin="4" pinfunction="DOUT" pintype="output"/>
      <node ref="D3" pin="2" pinfunction="DIN" pintype="input"/>
    </net>
    <net code="42" name="Net-(J1-PadA5)">
      <node ref="J1" pin="A5" pinfunction="CC1" pintype="bidirectional"/>
      <node ref="R3" pin="2" pintype="passive"/>
    </net>
    <net code="43" name="Net-(J1-PadB5)">
      <node ref="J1" pin="B5" pinfunction="CC2" pintype="bidirectional"/>
      <node ref="R4" pin="1" pintype="passive"/>
    </net>
    <net code="44" name="RXI">
      <node ref="J3" pin="4" pinfunction="Pin_4" pintype="passive"/>
      <node ref="U3" pin="3" pinfunction="GPIO1" pintype="bidirectional"/>
    </net>
    <net code="45" name="RXI_DEBUG">
      <node ref="J2" pin="5" pinfunction="Pin_5" pintype="passive"/>
      <node ref="U3" pin="9" pinfunction="GPIO7" pintype="bidirectional"/>
    </net>
    <net code="46" name="SWCLK">
      <node ref="J3" pin="1" pinfunction="Pin_1" pintype="passive"/>
      <node ref="U3" pin="24" pinfunction="SWCLK" pintype="output"/>
    </net>
    <net code="47" name="SWCLK_DEBUG_CONN">
      <node ref="J2" pin="1" pinfunction="Pin_1" pintype="passive"/>
      <node ref="U3" pin="6" pinfunction="GPIO4" pintype="bidirectional"/>
    </net>
    <net code="48" name="SWD">
      <node ref="J3" pin="2" pinfunction="Pin_2" pintype="passive"/>
      <node ref="U3" pin="25" pinfunction="SWD" pintype="bidirectional"/>
    </net>
    <net code="49" name="SWDIO_DEBUG_CONN">
      <node ref="J2" pin="2" pinfunction="Pin_2" pintype="passive"/>
      <node ref="U3" pin="7" pinfunction="GPIO5" pintype="bidirectional"/>
    </net>
    <net code="50" name="TXO">
      <node ref="J3" pin="5" pinfunction="Pin_5" pintype="passive"/>
      <node ref="U3" pin="2" pinfunction="GPIO0" pintype="bidirectional"/>
    </net>
    <net code="51" name="TXO_DEBUG">
      <node ref="J2" pin="4" pinfunction="Pin_4" pintype="passive"/>
      <node ref="U3" pin="8" pinfunction="GPIO6" pintype="bidirectional"/>
    </net>
    <net code="52" name="VBUS">
      <node ref="C2" pin="1" pintype="passive"/>
      <node ref="J1" pin="A4" pinfunction="VBUS" pintype="passive"/>
      <node ref="J1" pin="A9" pinfunction="VBUS" pintype="passive"/>
      <node ref="J1" pin="B4" pinfunction="VBUS" pintype="passive"/>
      <node ref="J1" pin="B9" pinfunction="VBUS" pintype="passive"/>
      <node ref="U2" pin="3" pinfunction="IN" pintype="power_in"/>
    </net>
    <net code="53" name="unconnected-(D3-Pad4)">
      <node ref="D3" pin="4" pinfunction="DOUT" pintype="output"/>
    </net>
    <net code="54" name="unconnected-(J1-PadA8)">
      <node ref="J1" pin="A8" pinfunction="SBU1" pintype="bidirectional"/>
    </net>
    <net code="55" name="unconnected-(J1-PadB8)">
      <node ref="J1" pin="B8" pinfunction="SBU2" pintype="bidirectional"/>
    </net>
    <net code="56" name="unconnected-(U3-Pad4)">
      <node ref="U3" pin="4" pinfunction="GPIO2" pintype="bidirectional"/>
    </net>
    <net code="57" name="unconnected-(U3-Pad5)">
      <node ref="U3" pin="5" pinfunction="GPIO3" pintype="bidirectional"/>
    </net>
  </nets>
</export>
